{
    "accuracy": 0.9514207149404217,
    "precision": 0.8615384615384616,
    "recall": 0.7619047619047619,
    "roc_auc": 0.952218811253315
}